Feature,Coefficient
Contract,-0.5642414956398806
SupportTickets,0.34598304548165193
Tenure,-0.20145269460307774
MonthlyCharges,0.17708236085941123
PaperlessBilling,0.04775460722149483
PaymentMethod,0.04531139495700971
Age,-0.02806106401761998
TotalCharges,0.022241636552144197
MonthlyUsageGB,-0.010362534703843908
Gender,0.0015692196317998778
